ASIN, 価格, 下落%, Keepa URL, 再通知間隔
B009SIZDK2,5500,50, https://keepa.com/#!product/5-B009SIZDK2,
B00475BLF2,6396,50, https://keepa.com/#!product/5-B00475BLF2,
B013HHJY7C,5480,50, https://keepa.com/#!product/5-B013HHJY7C,
B086MTHR1M,5950,50, https://keepa.com/#!product/5-B086MTHR1M,
B079MXZSP5,8150,50, https://keepa.com/#!product/5-B079MXZSP5,
B07YWZKC5L,0,50, https://keepa.com/#!product/5-B07YWZKC5L,
B013S7Z2RW,0,50, https://keepa.com/#!product/5-B013S7Z2RW,
B079DLCV5L,0,50, https://keepa.com/#!product/5-B079DLCV5L,
B08CXL39LR,0,50, https://keepa.com/#!product/5-B08CXL39LR,
B014QI5AWY,8800,50, https://keepa.com/#!product/5-B014QI5AWY,
B009SIZA4G,6455,50, https://keepa.com/#!product/5-B009SIZA4G,
B07RMR6SZV,13000,50, https://keepa.com/#!product/5-B07RMR6SZV,
B07BB641C4,3644,50, https://keepa.com/#!product/5-B07BB641C4,
B07DP4368X,5188,50, https://keepa.com/#!product/5-B07DP4368X,
B08Y5DPPZR,11800,50, https://keepa.com/#!product/5-B08Y5DPPZR,
B071CZC5FP,6400,50, https://keepa.com/#!product/5-B071CZC5FP,
B01MYCLE7B,0,50, https://keepa.com/#!product/5-B01MYCLE7B,
B07NGJFGZW,6799,50, https://keepa.com/#!product/5-B07NGJFGZW,
B00DLTBSVW,7370,50, https://keepa.com/#!product/5-B00DLTBSVW,
B07HMJTG6B,7980,50, https://keepa.com/#!product/5-B07HMJTG6B,
B08Q11XLCC,8908,50, https://keepa.com/#!product/5-B08Q11XLCC,
B07QFWDRBP,7600,50, https://keepa.com/#!product/5-B07QFWDRBP,
B07PY5YSZG,8480,50, https://keepa.com/#!product/5-B07PY5YSZG,
B07MV1JDCX,0,50, https://keepa.com/#!product/5-B07MV1JDCX,
B07MKM19W8,6999,50, https://keepa.com/#!product/5-B07MKM19W8,
B008C5YI1W,6980,50, https://keepa.com/#!product/5-B008C5YI1W,
B00TDP7K38,0,50, https://keepa.com/#!product/5-B00TDP7K38,
B01LX4WDRM,5714,50, https://keepa.com/#!product/5-B01LX4WDRM,
B074N2F6X5,8480,50, https://keepa.com/#!product/5-B074N2F6X5,
B07YSPMQTC,7980,50, https://keepa.com/#!product/5-B07YSPMQTC,
B07NY6LK54,6000,50, https://keepa.com/#!product/5-B07NY6LK54,
B079NSLX2W,7700,50, https://keepa.com/#!product/5-B079NSLX2W,
B07DY4H7H9,7900,50, https://keepa.com/#!product/5-B07DY4H7H9,
B07PFLTS39,5950,50, https://keepa.com/#!product/5-B07PFLTS39,
B08J8JJFX3,0,50, https://keepa.com/#!product/5-B08J8JJFX3,
B094R96ZDW,0,50, https://keepa.com/#!product/5-B094R96ZDW,
B08V1NKTR8,7550,50, https://keepa.com/#!product/5-B08V1NKTR8,
B00K737KQ2,0,50, https://keepa.com/#!product/5-B00K737KQ2,
B07RY5NBWS,9800,50, https://keepa.com/#!product/5-B07RY5NBWS,
B0759HY19H,9680,50, https://keepa.com/#!product/5-B0759HY19H,
B00006FRAR,8628,50, https://keepa.com/#!product/5-B00006FRAR,
B075GR9G94,7800,50, https://keepa.com/#!product/5-B075GR9G94,
B08PV94YQW,7600,50, https://keepa.com/#!product/5-B08PV94YQW,
B07M8FQCT5,7059,50, https://keepa.com/#!product/5-B07M8FQCT5,
B08Y5T3QCR,8107,50, https://keepa.com/#!product/5-B08Y5T3QCR,
B0B3HM9NW7,14999,50, https://keepa.com/#!product/5-B0B3HM9NW7,
B00EVN4T40,7000,50, https://keepa.com/#!product/5-B00EVN4T40,
B0785GB81B,0,50, https://keepa.com/#!product/5-B0785GB81B,
B0798LBBDW,8280,50, https://keepa.com/#!product/5-B0798LBBDW,
B00YBD9SXC,6670,50, https://keepa.com/#!product/5-B00YBD9SXC,
B00MN82L4U,9800,50, https://keepa.com/#!product/5-B00MN82L4U,
B00VE5CLDO,0,50, https://keepa.com/#!product/5-B00VE5CLDO,
B005T27WV4,9200,50, https://keepa.com/#!product/5-B005T27WV4,
B072JJV6VK,14800,50, https://keepa.com/#!product/5-B072JJV6VK,
B07CHCV8WL,8800,50, https://keepa.com/#!product/5-B07CHCV8WL,
B014R71F9Q,8880,50, https://keepa.com/#!product/5-B014R71F9Q,
B00K721O8S,6755,50, https://keepa.com/#!product/5-B00K721O8S,
B09DW1Z519,8500,50, https://keepa.com/#!product/5-B09DW1Z519,
B01HAXAO4G,9349,50, https://keepa.com/#!product/5-B01HAXAO4G,
B01EOKHLHG,0,50, https://keepa.com/#!product/5-B01EOKHLHG,
B00359EYYQ,6315,50, https://keepa.com/#!product/5-B00359EYYQ,
B004FPYBX8,8980,50, https://keepa.com/#!product/5-B004FPYBX8,
B07G13HG3V,9300,50, https://keepa.com/#!product/5-B07G13HG3V,
B07963MXZ7,0,50, https://keepa.com/#!product/5-B07963MXZ7,
B07FNSF23L,8700,50, https://keepa.com/#!product/5-B07FNSF23L,
B0044DOBRM,8800,50, https://keepa.com/#!product/5-B0044DOBRM,
B07F6KYQVB,7980,50, https://keepa.com/#!product/5-B07F6KYQVB,
B006OFCQD4,9800,50, https://keepa.com/#!product/5-B006OFCQD4,
B0723GWCK7,0,50, https://keepa.com/#!product/5-B0723GWCK7,
B07T48T8BT,9480,50, https://keepa.com/#!product/5-B07T48T8BT,
B0895CQ3WK,5980,50, https://keepa.com/#!product/5-B0895CQ3WK,
B07SBX48TY,15322,50, https://keepa.com/#!product/5-B07SBX48TY,
B096W62X4J,0,50, https://keepa.com/#!product/5-B096W62X4J,
B07L9VPW5T,11000,50, https://keepa.com/#!product/5-B07L9VPW5T,
B00JH8ICI8,5600,50, https://keepa.com/#!product/5-B00JH8ICI8,
B07QGZK577,9790,50, https://keepa.com/#!product/5-B07QGZK577,
B07NF2GTZN,0,50, https://keepa.com/#!product/5-B07NF2GTZN,
B07W8Q7KGR,12642,50, https://keepa.com/#!product/5-B07W8Q7KGR,
B00QY4RLRQ,10680,50, https://keepa.com/#!product/5-B00QY4RLRQ,
B09GKCDG8D,11000,50, https://keepa.com/#!product/5-B09GKCDG8D,
B07M8LZ1HH,0,0, https://keepa.com/#!product/5-B07M8LZ1HH,
B009P7YOMO,7880,50, https://keepa.com/#!product/5-B009P7YOMO,
B01AXCP29S,0,50, https://keepa.com/#!product/5-B01AXCP29S,
B08WQ6BMMJ,13800,50, https://keepa.com/#!product/5-B08WQ6BMMJ,
B094D6WDM9,0,50, https://keepa.com/#!product/5-B094D6WDM9,
B07X65X4YF,0,50, https://keepa.com/#!product/5-B07X65X4YF,
B0090E2Y4M,11000,50, https://keepa.com/#!product/5-B0090E2Y4M,
B08DCZ56RF,11280,50, https://keepa.com/#!product/5-B08DCZ56RF,
B07QNNSW2W,9800,50, https://keepa.com/#!product/5-B07QNNSW2W,
B00D5OOC9S,15000,50, https://keepa.com/#!product/5-B00D5OOC9S,
B07L4VD6XR,16976,50, https://keepa.com/#!product/5-B07L4VD6XR,
B08WSF9572,11695,50, https://keepa.com/#!product/5-B08WSF9572,
B00Q9DRTB0,0,50, https://keepa.com/#!product/5-B00Q9DRTB0,
B0006BLI2W,0,50, https://keepa.com/#!product/5-B0006BLI2W,
B07W6PHVLD,12800,50, https://keepa.com/#!product/5-B07W6PHVLD,
B07BKTN988,16800,50, https://keepa.com/#!product/5-B07BKTN988,
B01CRUYREU,12498,50, https://keepa.com/#!product/5-B01CRUYREU,
B093BFWYYP,0,50, https://keepa.com/#!product/5-B093BFWYYP,
B002YYXG60,0,50, https://keepa.com/#!product/5-B002YYXG60,
B09BT796B6,12000,50, https://keepa.com/#!product/5-B09BT796B6,
B01BEUL5T4,3328,50, https://keepa.com/#!product/5-B01BEUL5T4,
B09X9Y5778,12950,50, https://keepa.com/#!product/5-B09X9Y5778,
B00RB2ATNI,11980,50, https://keepa.com/#!product/5-B00RB2ATNI,
B09HM82DL9,12380,50, https://keepa.com/#!product/5-B09HM82DL9,
B01MU4XN3T,9300,50, https://keepa.com/#!product/5-B01MU4XN3T,
B07QZQZZ2Y,12000,50, https://keepa.com/#!product/5-B07QZQZZ2Y,
B0160ZFWW4,10965,50, https://keepa.com/#!product/5-B0160ZFWW4,
B083RFY8LH,0,50, https://keepa.com/#!product/5-B083RFY8LH,
B00LATHQAW,11700,50, https://keepa.com/#!product/5-B00LATHQAW,
B01D1LD7QS,0,50, https://keepa.com/#!product/5-B01D1LD7QS,
B071KP8CGJ,13480,50, https://keepa.com/#!product/5-B071KP8CGJ,
B089MPRSS4,10000,50, https://keepa.com/#!product/5-B089MPRSS4,
B01MUAGI7R,10800,50, https://keepa.com/#!product/5-B01MUAGI7R,
B00LD3MZ4W,0,50, https://keepa.com/#!product/5-B00LD3MZ4W,
B093HH3BBP,14800,50, https://keepa.com/#!product/5-B093HH3BBP,
B007EJYOMU,11760,50, https://keepa.com/#!product/5-B007EJYOMU,
B086WSG5NM,17700,50, https://keepa.com/#!product/5-B086WSG5NM,
B08D8W6B7Y,12957,50, https://keepa.com/#!product/5-B08D8W6B7Y,
B082PS587K,15999,50, https://keepa.com/#!product/5-B082PS587K,
B08JQBW8Q1,16000,50, https://keepa.com/#!product/5-B08JQBW8Q1,
B01N7A24QW,13190,50, https://keepa.com/#!product/5-B01N7A24QW,
B01DISUC94,9600,50, https://keepa.com/#!product/5-B01DISUC94,
B00I4JZOAK,13480,50, https://keepa.com/#!product/5-B00I4JZOAK,
B08M17PMV9,13460,50, https://keepa.com/#!product/5-B08M17PMV9,
B06WVBMC97,15990,50, https://keepa.com/#!product/5-B06WVBMC97,
B07V47HVPZ,13600,50, https://keepa.com/#!product/5-B07V47HVPZ,
B00O8NXPSO,17456,50, https://keepa.com/#!product/5-B00O8NXPSO,
B07R3F13LM,8471,50, https://keepa.com/#!product/5-B07R3F13LM,
B01AS5FBWI,0,50, https://keepa.com/#!product/5-B01AS5FBWI,
B000TGAM58,14980,50, https://keepa.com/#!product/5-B000TGAM58,
B004BFQOXM,13900,50, https://keepa.com/#!product/5-B004BFQOXM,
B00AMB8WK2,0,50, https://keepa.com/#!product/5-B00AMB8WK2,
B06W2KC1QQ,11682,50, https://keepa.com/#!product/5-B06W2KC1QQ,
B0798CJ38N,14000,50, https://keepa.com/#!product/5-B0798CJ38N,
B07PNPGV29,10450,50, https://keepa.com/#!product/5-B07PNPGV29,
B01E241XXC,10890,50, https://keepa.com/#!product/5-B01E241XXC,
B06Y6NX882,14800,50, https://keepa.com/#!product/5-B06Y6NX882,
B07FNMTS87,13500,50, https://keepa.com/#!product/5-B07FNMTS87,
B072J53PXH,11800,50, https://keepa.com/#!product/5-B072J53PXH,
B07CBCWPLR,19483,50, https://keepa.com/#!product/5-B07CBCWPLR,
B000HAB5SY,13880,50, https://keepa.com/#!product/5-B000HAB5SY,
B08X7KZLPZ,14800,50, https://keepa.com/#!product/5-B08X7KZLPZ,
B07259YDX3,0,50, https://keepa.com/#!product/5-B07259YDX3,
B019FC9FSG,13880,50, https://keepa.com/#!product/5-B019FC9FSG,
B01AWB70EK,14800,50, https://keepa.com/#!product/5-B01AWB70EK,
B01J41JLEG,24800,50, https://keepa.com/#!product/5-B01J41JLEG,
B07NS2QQ7F,15780,50, https://keepa.com/#!product/5-B07NS2QQ7F,
B08D9C3XG3,14980,50, https://keepa.com/#!product/5-B08D9C3XG3,
B09QPDVPP8,16700,50, https://keepa.com/#!product/5-B09QPDVPP8,
B07QKLPKRB,13480,50, https://keepa.com/#!product/5-B07QKLPKRB,
B0848WNYW6,0,50, https://keepa.com/#!product/5-B0848WNYW6,
B01IBHVJRG,12800,50, https://keepa.com/#!product/5-B01IBHVJRG,
B07F8QYYZT,11400,50, https://keepa.com/#!product/5-B07F8QYYZT,
B0719Q563J,0,50, https://keepa.com/#!product/5-B0719Q563J,
B079JCLPBC,29680,50, https://keepa.com/#!product/5-B079JCLPBC,
B00O8NXX2W,17721,50, https://keepa.com/#!product/5-B00O8NXX2W,
B07FJWTSMF,0,50, https://keepa.com/#!product/5-B07FJWTSMF,
B07VDJGHRS,14680,50, https://keepa.com/#!product/5-B07VDJGHRS,
B01AZC3III,19208,50, https://keepa.com/#!product/5-B01AZC3III,
B00YBD9T9K,0,50, https://keepa.com/#!product/5-B00YBD9T9K,
B08BG3LJKM,0,50, https://keepa.com/#!product/5-B08BG3LJKM,
B0937RZ5BX,14999,50, https://keepa.com/#!product/5-B0937RZ5BX,
B00O8NWGPW,0,50, https://keepa.com/#!product/5-B00O8NWGPW,
B0014I2A4Q,15900,50, https://keepa.com/#!product/5-B0014I2A4Q,
B007ZN87Y6,15980,50, https://keepa.com/#!product/5-B007ZN87Y6,
B000WLIK5Y,10870,50, https://keepa.com/#!product/5-B000WLIK5Y,
B008JB0VII,16900,50, https://keepa.com/#!product/5-B008JB0VII,
B0723HTQWY,14500,50, https://keepa.com/#!product/5-B0723HTQWY,
B07TDHD7XM,17900,50, https://keepa.com/#!product/5-B07TDHD7XM,
B01NBJ7QXW,12820,50, https://keepa.com/#!product/5-B01NBJ7QXW,
B000X1YEU8,21679,50, https://keepa.com/#!product/5-B000X1YEU8,
B09DPNTFJT,16500,50, https://keepa.com/#!product/5-B09DPNTFJT,
B017SG3WO4,13000,50, https://keepa.com/#!product/5-B017SG3WO4,
B079VKG1QD,13200,50, https://keepa.com/#!product/5-B079VKG1QD,
B00EJMOJDO,14652,50, https://keepa.com/#!product/5-B00EJMOJDO,
B07TG97B97,12590,50, https://keepa.com/#!product/5-B07TG97B97,
B00OL61XQ4,16450,50, https://keepa.com/#!product/5-B00OL61XQ4,
B004MYF6RC,13752,50, https://keepa.com/#!product/5-B004MYF6RC,
B0744JS4W6,10980,50, https://keepa.com/#!product/5-B0744JS4W6,
B079Z751X4,18988,50, https://keepa.com/#!product/5-B079Z751X4,
B00C6R5GHM,0,50, https://keepa.com/#!product/5-B00C6R5GHM,
B095R685YN,16666,50, https://keepa.com/#!product/5-B095R685YN,
B087JX4HC2,24800,50, https://keepa.com/#!product/5-B087JX4HC2,
B001IBHTJ0,16798,50, https://keepa.com/#!product/5-B001IBHTJ0,
B07YFHFLZP,0,50, https://keepa.com/#!product/5-B07YFHFLZP,
B07KS1YP2N,14800,50, https://keepa.com/#!product/5-B07KS1YP2N,
B013ALTNVC,16800,50, https://keepa.com/#!product/5-B013ALTNVC,
B00G93MF4Q,16580,50, https://keepa.com/#!product/5-B00G93MF4Q,
B07DHXQ9W2,0,50, https://keepa.com/#!product/5-B07DHXQ9W2,
B06XCH23FT,16480,50, https://keepa.com/#!product/5-B06XCH23FT,
B003JPAOA4,16980,50, https://keepa.com/#!product/5-B003JPAOA4,
B01EUD5ZBG,16570,50, https://keepa.com/#!product/5-B01EUD5ZBG,
B07KGC1P2S,22800,50, https://keepa.com/#!product/5-B07KGC1P2S,
B08F57RTX5,24100,50, https://keepa.com/#!product/5-B08F57RTX5,
B073LZD7LZ,15875,50, https://keepa.com/#!product/5-B073LZD7LZ,
B0882T7GFL,0,50, https://keepa.com/#!product/5-B0882T7GFL,
B081YZ4S4R,12800,50, https://keepa.com/#!product/5-B081YZ4S4R,
B07HJWVJDN,8773,50, https://keepa.com/#!product/5-B07HJWVJDN,
B0015S9BBA,16800,50, https://keepa.com/#!product/5-B0015S9BBA,
B07S21RZV2,15162,50, https://keepa.com/#!product/5-B07S21RZV2,
B089K3KKM8,17000,50, https://keepa.com/#!product/5-B089K3KKM8,
B07DKMC7S2,0,50, https://keepa.com/#!product/5-B07DKMC7S2,
B07CG8MN1V,18500,50, https://keepa.com/#!product/5-B07CG8MN1V,
B01LEQLBNS,18800,50, https://keepa.com/#!product/5-B01LEQLBNS,
B005KP91R8,9999,50, https://keepa.com/#!product/5-B005KP91R8,
B00MGPV3PS,18400,50, https://keepa.com/#!product/5-B00MGPV3PS,
B07XVG4QFD,17580,50, https://keepa.com/#!product/5-B07XVG4QFD,
B0002KU98Q,17980,50, https://keepa.com/#!product/5-B0002KU98Q,
B07MYSWPD4,15000,50, https://keepa.com/#!product/5-B07MYSWPD4,
B087QCWVGY,15200,50, https://keepa.com/#!product/5-B087QCWVGY,
B014WAX4HO,23500,50, https://keepa.com/#!product/5-B014WAX4HO,
B00B5N85TY,15800,50, https://keepa.com/#!product/5-B00B5N85TY,
B00RG8OA78,13880,50, https://keepa.com/#!product/5-B00RG8OA78,
B08F55MRKC,13000,50, https://keepa.com/#!product/5-B08F55MRKC,
B001CBVCGC,0,50, https://keepa.com/#!product/5-B001CBVCGC,
B0002XVDAG,0,50, https://keepa.com/#!product/5-B0002XVDAG,
B07W7KNT3T,0,50, https://keepa.com/#!product/5-B07W7KNT3T,
B07P5FNZSP,16000,50, https://keepa.com/#!product/5-B07P5FNZSP,
B072MM9WK9,16780,50, https://keepa.com/#!product/5-B072MM9WK9,
B0006N14BK,18900,50, https://keepa.com/#!product/5-B0006N14BK,
B071FQ4SBH,17880,50, https://keepa.com/#!product/5-B071FQ4SBH,
B07G759SG7,18500,50, https://keepa.com/#!product/5-B07G759SG7,
B0056DV0L4,0,50, https://keepa.com/#!product/5-B0056DV0L4,
B0756871XT,17800,50, https://keepa.com/#!product/5-B0756871XT,
B0922RLRQ8,19640,50, https://keepa.com/#!product/5-B0922RLRQ8,
B01NAU4Z4A,0,50, https://keepa.com/#!product/5-B01NAU4Z4A,
B0077K0WM2,16800,50, https://keepa.com/#!product/5-B0077K0WM2,
B01K1FOKJK,17325,50, https://keepa.com/#!product/5-B01K1FOKJK,
B0756GGYNV,15900,50, https://keepa.com/#!product/5-B0756GGYNV,
B07K1QMYPX,16999,50, https://keepa.com/#!product/5-B07K1QMYPX,
B07XDYMYQQ,0,50, https://keepa.com/#!product/5-B07XDYMYQQ,
B003U6H91E,23000,50, https://keepa.com/#!product/5-B003U6H91E,
B00HHLI1PG,18500,50, https://keepa.com/#!product/5-B00HHLI1PG,
B00WGA8QCQ,18081,50, https://keepa.com/#!product/5-B00WGA8QCQ,
B07P45ZTXW,16500,50, https://keepa.com/#!product/5-B07P45ZTXW,
B073JHHRFN,0,50, https://keepa.com/#!product/5-B073JHHRFN,
B08R9LTB8H,21750,50, https://keepa.com/#!product/5-B08R9LTB8H,
B01DX0H1D2,24800,50, https://keepa.com/#!product/5-B01DX0H1D2,
B07WNPQ4ZK,11000,50, https://keepa.com/#!product/5-B07WNPQ4ZK,
B084YFXRD5,17000,50, https://keepa.com/#!product/5-B084YFXRD5,
B07KYZ7BKW,18000,50, https://keepa.com/#!product/5-B07KYZ7BKW,
B07PVXMGVR,0,50, https://keepa.com/#!product/5-B07PVXMGVR,
B09D6S6JS4,0,50, https://keepa.com/#!product/5-B09D6S6JS4,
B00EZTKZ3E,18180,50, https://keepa.com/#!product/5-B00EZTKZ3E,
B009YP2L8G,35962,50, https://keepa.com/#!product/5-B009YP2L8G,
B07F83WHSN,18200,50, https://keepa.com/#!product/5-B07F83WHSN,
B01K1DHC2Y,21900,50, https://keepa.com/#!product/5-B01K1DHC2Y,
B07HKW7PVH,17427,50, https://keepa.com/#!product/5-B07HKW7PVH,
B01EIYW5XS,22800,50, https://keepa.com/#!product/5-B01EIYW5XS,
B01DZ6644Q,0,50, https://keepa.com/#!product/5-B01DZ6644Q,
B00OCBPVS4,16980,50, https://keepa.com/#!product/5-B00OCBPVS4,
B07K875JHZ,20000,50, https://keepa.com/#!product/5-B07K875JHZ,
B082WCZTC6,19676,50, https://keepa.com/#!product/5-B082WCZTC6,
B092RLN8G7,0,50, https://keepa.com/#!product/5-B092RLN8G7,
B07DLMRD4K,16870,50, https://keepa.com/#!product/5-B07DLMRD4K,
B07GVSKBH5,18000,50, https://keepa.com/#!product/5-B07GVSKBH5,
B072JC3G4M,18700,50, https://keepa.com/#!product/5-B072JC3G4M,
B06W2KC5R5,16800,50, https://keepa.com/#!product/5-B06W2KC5R5,
B07ZF8LRM3,0,50, https://keepa.com/#!product/5-B07ZF8LRM3,
B07VDRFLF5,19000,50, https://keepa.com/#!product/5-B07VDRFLF5,
B00DDE0RAS,17800,50, https://keepa.com/#!product/5-B00DDE0RAS,
B00IHUP1YA,0,50, https://keepa.com/#!product/5-B00IHUP1YA,
B01LC6UGZY,19000,50, https://keepa.com/#!product/5-B01LC6UGZY,
B07WX91K9N,15500,50, https://keepa.com/#!product/5-B07WX91K9N,
B08765B364,18800,50, https://keepa.com/#!product/5-B08765B364,
B00EOCUNVQ,19000,50, https://keepa.com/#!product/5-B00EOCUNVQ,
B071W8583K,24000,50, https://keepa.com/#!product/5-B071W8583K,
B07317T491,19999,50, https://keepa.com/#!product/5-B07317T491,
B07PYJD9TX,18400,50, https://keepa.com/#!product/5-B07PYJD9TX,
B07B9K4ZJ3,17200,50, https://keepa.com/#!product/5-B07B9K4ZJ3,
B00DQ2AFGI,19800,50, https://keepa.com/#!product/5-B00DQ2AFGI,
B00AFN7MIA,18300,50, https://keepa.com/#!product/5-B00AFN7MIA,
B07X61MSYM,0,50, https://keepa.com/#!product/5-B07X61MSYM,
B0842JKRRP,15900,50, https://keepa.com/#!product/5-B0842JKRRP,
B07678R13W,17800,50, https://keepa.com/#!product/5-B07678R13W,
B001EUNKHK,18400,50, https://keepa.com/#!product/5-B001EUNKHK,
B08DD6FSFS,19900,50, https://keepa.com/#!product/5-B08DD6FSFS,
B00TWY0Z7S,0,50, https://keepa.com/#!product/5-B00TWY0Z7S,
B00EZTKZA2,17750,50, https://keepa.com/#!product/5-B00EZTKZA2,
B079VHGVWG,19800,50, https://keepa.com/#!product/5-B079VHGVWG,
B000KJTKMK,39918,50, https://keepa.com/#!product/5-B000KJTKMK,
B07CH2BDQY,18439,50, https://keepa.com/#!product/5-B07CH2BDQY,
B009VB66OI,0,50, https://keepa.com/#!product/5-B009VB66OI,
B08LC2ZPQY,12800,50, https://keepa.com/#!product/5-B08LC2ZPQY,
B08C7TV8TN,17980,50, https://keepa.com/#!product/5-B08C7TV8TN,
B0177DRVQS,12000,50, https://keepa.com/#!product/5-B0177DRVQS,
B07596B27W,18612,50, https://keepa.com/#!product/5-B07596B27W,
B088BVRP5J,17800,50, https://keepa.com/#!product/5-B088BVRP5J,
B00HQP3RSE,18980,50, https://keepa.com/#!product/5-B00HQP3RSE,
B06ZZWW4LH,0,50, https://keepa.com/#!product/5-B06ZZWW4LH,
B07B7QDQZM,19800,50, https://keepa.com/#!product/5-B07B7QDQZM,
B00005QDJM,14685,50, https://keepa.com/#!product/5-B00005QDJM,
B08KK7X5BP,20100,50, https://keepa.com/#!product/5-B08KK7X5BP,
B00C3ESLWA,0,50, https://keepa.com/#!product/5-B00C3ESLWA,
B08WWD3YRL,16800,50, https://keepa.com/#!product/5-B08WWD3YRL,
B07658Q3HX,20475,50, https://keepa.com/#!product/5-B07658Q3HX,
B08B6PVVTN,0,50, https://keepa.com/#!product/5-B08B6PVVTN,
B00MNND5P4,19400,50, https://keepa.com/#!product/5-B00MNND5P4,
B0151E4Y42,30591,50, https://keepa.com/#!product/5-B0151E4Y42,
B00I5871QU,9702,50, https://keepa.com/#!product/5-B00I5871QU,
B08F5T3F9Y,0,50, https://keepa.com/#!product/5-B08F5T3F9Y,
B07B36FPZ8,20800,50, https://keepa.com/#!product/5-B07B36FPZ8,
B07WKNLWZX,24000,50, https://keepa.com/#!product/5-B07WKNLWZX,
B09H7QDG8S,19700,50, https://keepa.com/#!product/5-B09H7QDG8S,
B07QZYJ9WL,25800,50, https://keepa.com/#!product/5-B07QZYJ9WL,
B07X3CKKL9,19100,50, https://keepa.com/#!product/5-B07X3CKKL9,
B07B7RVL49,0,50, https://keepa.com/#!product/5-B07B7RVL49,
B09D7GLQP3,14980,50, https://keepa.com/#!product/5-B09D7GLQP3,
B096QFCPLM,17800,50, https://keepa.com/#!product/5-B096QFCPLM,
B09FLGVSM4,21980,50, https://keepa.com/#!product/5-B09FLGVSM4,
B006WV2V8A,22000,50, https://keepa.com/#!product/5-B006WV2V8A,
B085B26LKH,0,50, https://keepa.com/#!product/5-B085B26LKH,
B00L5ZRV0G,0,50, https://keepa.com/#!product/5-B00L5ZRV0G,
B07H2XJ5VS,0,50, https://keepa.com/#!product/5-B07H2XJ5VS,
B06ZZGGZBF,21800,50, https://keepa.com/#!product/5-B06ZZGGZBF,
B07ND11HZ2,18800,50, https://keepa.com/#!product/5-B07ND11HZ2,
B07T92DRS2,19800,50, https://keepa.com/#!product/5-B07T92DRS2,
B0869R8YNM,21000,50, https://keepa.com/#!product/5-B0869R8YNM,
B07WZZHDT5,17500,50, https://keepa.com/#!product/5-B07WZZHDT5,
B07VQ6P7FC,18000,50, https://keepa.com/#!product/5-B07VQ6P7FC,
B07QCYN6RX,20000,50, https://keepa.com/#!product/5-B07QCYN6RX,
B00P20MK1A,19500,50, https://keepa.com/#!product/5-B00P20MK1A,
B07MQ5SW2P,12800,50, https://keepa.com/#!product/5-B07MQ5SW2P,
B079KHG92F,0,50, https://keepa.com/#!product/5-B079KHG92F,
B086RYFGGT,9650,50, https://keepa.com/#!product/5-B086RYFGGT,
B08TJS28SW,20800,50, https://keepa.com/#!product/5-B08TJS28SW,
B01MY9I0C0,18750,50, https://keepa.com/#!product/5-B01MY9I0C0,
B07NDMYP4Y,19800,50, https://keepa.com/#!product/5-B07NDMYP4Y,
B076Q7KTZ2,20500,50, https://keepa.com/#!product/5-B076Q7KTZ2,
B01NAAWCLT,17995,50, https://keepa.com/#!product/5-B01NAAWCLT,
B07HHB81BW,22000,50, https://keepa.com/#!product/5-B07HHB81BW,
B01JS86SNW,23980,50, https://keepa.com/#!product/5-B01JS86SNW,
B07B6JGJML,22122,50, https://keepa.com/#!product/5-B07B6JGJML,
B075XPR31W,23460,50, https://keepa.com/#!product/5-B075XPR31W,
B07TH8S19Z,23796,50, https://keepa.com/#!product/5-B07TH8S19Z,
B07H2ZNNHC,22500,50, https://keepa.com/#!product/5-B07H2ZNNHC,
B007BL335U,23166,50, https://keepa.com/#!product/5-B007BL335U,
B0798G5DM3,19800,50, https://keepa.com/#!product/5-B0798G5DM3,
B07HC9399Q,23800,50, https://keepa.com/#!product/5-B07HC9399Q,
B002L3SG9Q,23800,50, https://keepa.com/#!product/5-B002L3SG9Q,
B07VP96BHC,0,50, https://keepa.com/#!product/5-B07VP96BHC,
B005TJMC0S,20480,50, https://keepa.com/#!product/5-B005TJMC0S,
B08R1CFPG1,0,0, https://keepa.com/#!product/5-B08R1CFPG1,
B07QHMV4QR,21186,50, https://keepa.com/#!product/5-B07QHMV4QR,
B083QK3ZGP,25000,50, https://keepa.com/#!product/5-B083QK3ZGP,
B07GXGSKS6,0,50, https://keepa.com/#!product/5-B07GXGSKS6,
B01LX3JTRT,32200,50, https://keepa.com/#!product/5-B01LX3JTRT,
B01N4RWWZ4,29800,50, https://keepa.com/#!product/5-B01N4RWWZ4,
B09KBTY6HD,0,50, https://keepa.com/#!product/5-B09KBTY6HD,
B07GQ6R2LR,0,50, https://keepa.com/#!product/5-B07GQ6R2LR,
B07VG66M7H,24400,50, https://keepa.com/#!product/5-B07VG66M7H,
B07CMZCHXF,17667,50, https://keepa.com/#!product/5-B07CMZCHXF,
B07JWKKBVV,27900,50, https://keepa.com/#!product/5-B07JWKKBVV,
B07SX91Y6Q,23800,50, https://keepa.com/#!product/5-B07SX91Y6Q,
B00F3B38ZU,21800,50, https://keepa.com/#!product/5-B00F3B38ZU,
B00O0QGJFK,28800,50, https://keepa.com/#!product/5-B00O0QGJFK,
B004MGRF5G,0,50, https://keepa.com/#!product/5-B004MGRF5G,
B071FQM969,18940,50, https://keepa.com/#!product/5-B071FQM969,
B08KHHFGYL,27000,50, https://keepa.com/#!product/5-B08KHHFGYL,
B08LH2DJCT,25000,50, https://keepa.com/#!product/5-B08LH2DJCT,
B07WPTGY4X,14800,50, https://keepa.com/#!product/5-B07WPTGY4X,
B08LGT2RVZ,29800,50, https://keepa.com/#!product/5-B08LGT2RVZ,
B08XNH7925,15500,50, https://keepa.com/#!product/5-B08XNH7925,
B072X9DL9X,0,50, https://keepa.com/#!product/5-B072X9DL9X,
B07YNQ1NZK,27800,50, https://keepa.com/#!product/5-B07YNQ1NZK,
B07JZTSK2D,26800,50, https://keepa.com/#!product/5-B07JZTSK2D,
B07ZQ2V4GW,22539,50, https://keepa.com/#!product/5-B07ZQ2V4GW,
B078JLYMWQ,0,50, https://keepa.com/#!product/5-B078JLYMWQ,
B01MG0EBQV,0,50, https://keepa.com/#!product/5-B01MG0EBQV,
B0748LLQQC,17980,50, https://keepa.com/#!product/5-B0748LLQQC,
B00JM1FWOW,27800,50, https://keepa.com/#!product/5-B00JM1FWOW,
B07DDJZX5F,20560,50, https://keepa.com/#!product/5-B07DDJZX5F,
B07V1LH4FS,25000,50, https://keepa.com/#!product/5-B07V1LH4FS,
B01LRR04F0,66000,50, https://keepa.com/#!product/5-B01LRR04F0,
B071GMYLQ9,22800,50, https://keepa.com/#!product/5-B071GMYLQ9,
B0752BDVMX,0,50, https://keepa.com/#!product/5-B0752BDVMX,
B08L3DG21Y,27443,50, https://keepa.com/#!product/5-B08L3DG21Y,
B00H41K5F8,25480,50, https://keepa.com/#!product/5-B00H41K5F8,
B0776X8W7Y,24800,50, https://keepa.com/#!product/5-B0776X8W7Y,
B002V91LU6,29000,50, https://keepa.com/#!product/5-B002V91LU6,
B0006BLI18,34800,50, https://keepa.com/#!product/5-B0006BLI18,
B06W55DYCF,21241,50, https://keepa.com/#!product/5-B06W55DYCF,
B01BDMN8MU,0,50, https://keepa.com/#!product/5-B01BDMN8MU,
B00O8NWIKK,0,50, https://keepa.com/#!product/5-B00O8NWIKK,
B01J75X7J4,24475,50, https://keepa.com/#!product/5-B01J75X7J4,
B07DQFP9Q3,26600,50, https://keepa.com/#!product/5-B07DQFP9Q3,
B001OTP27W,20960,50, https://keepa.com/#!product/5-B001OTP27W,
B00LHJF47W,29980,50, https://keepa.com/#!product/5-B00LHJF47W,
B015XA8YHC,31000,50, https://keepa.com/#!product/5-B015XA8YHC,
B01JZ0QFTK,27482,50, https://keepa.com/#!product/5-B01JZ0QFTK,
B07NS7CPPG,29000,50, https://keepa.com/#!product/5-B07NS7CPPG,
B000AR2ONO,28831,50, https://keepa.com/#!product/5-B000AR2ONO,
B07XJX37D9,0,50, https://keepa.com/#!product/5-B07XJX37D9,
B06Y3H9H1V,24000,50, https://keepa.com/#!product/5-B06Y3H9H1V,
B000W9KRY8,28000,50, https://keepa.com/#!product/5-B000W9KRY8,
B0017KIBAI,22222,50, https://keepa.com/#!product/5-B0017KIBAI,
B0897Y2LHM,0,50, https://keepa.com/#!product/5-B0897Y2LHM,
B00JRKA464,0,50, https://keepa.com/#!product/5-B00JRKA464,
B01L189L68,19000,50, https://keepa.com/#!product/5-B01L189L68,
B01LYTKPDT,19800,50, https://keepa.com/#!product/5-B01LYTKPDT,
B00PY3EYSW,17800,50, https://keepa.com/#!product/5-B00PY3EYSW,
B07GNR5LZM,30000,50, https://keepa.com/#!product/5-B07GNR5LZM,
B07G2PY7KH,0,50, https://keepa.com/#!product/5-B07G2PY7KH,
B00O8NXJJ4,31980,50, https://keepa.com/#!product/5-B00O8NXJJ4,
B072BGSS3N,41800,50, https://keepa.com/#!product/5-B072BGSS3N,
B06XXNMPQN,0,50, https://keepa.com/#!product/5-B06XXNMPQN,
B01EFDGMMC,0,50, https://keepa.com/#!product/5-B01EFDGMMC,
B07H8KHZYD,0,50, https://keepa.com/#!product/5-B07H8KHZYD,
B07TFXFVJV,0,50, https://keepa.com/#!product/5-B07TFXFVJV,
B002JLPHEW,37500,50, https://keepa.com/#!product/5-B002JLPHEW,
B09DFMFZVW,32980,50, https://keepa.com/#!product/5-B09DFMFZVW,
B07582XHX8,37800,50, https://keepa.com/#!product/5-B07582XHX8,
B08572SC63,42900,50, https://keepa.com/#!product/5-B08572SC63,
B00O8NXLM4,39800,50, https://keepa.com/#!product/5-B00O8NXLM4,
B01GG1GPYQ,39800,50, https://keepa.com/#!product/5-B01GG1GPYQ,
B092PP5HVB,38800,50, https://keepa.com/#!product/5-B092PP5HVB,
B087Z6PLVF,89800,50, https://keepa.com/#!product/5-B087Z6PLVF,
B07NZZYFR9,0,50, https://keepa.com/#!product/5-B07NZZYFR9,
B07J25KRGX,74250,50, https://keepa.com/#!product/5-B07J25KRGX,
B0897YDHLZ,57800,50, https://keepa.com/#!product/5-B0897YDHLZ,
B085TSHW5Q,75000,50, https://keepa.com/#!product/5-B085TSHW5Q,
B001TO9A3E,73229,50, https://keepa.com/#!product/5-B001TO9A3E,
B001TZ44B6,75000,50, https://keepa.com/#!product/5-B001TZ44B6,
B07J26RYL2,102718,50, https://keepa.com/#!product/5-B07J26RYL2,
B0756YYNTW,109800,50, https://keepa.com/#!product/5-B0756YYNTW,
B011QCTIAI,0,50, https://keepa.com/#!product/5-B011QCTIAI,
B016MC8C7W,0,50, https://keepa.com/#!product/5-B016MC8C7W,
B0912W9LB4,112000,50, https://keepa.com/#!product/5-B0912W9LB4,
B00SMPL4WI,0,50, https://keepa.com/#!product/5-B00SMPL4WI,
B01M15KUDB,127700,50, https://keepa.com/#!product/5-B01M15KUDB,
B07J27DF1C,122900,50, https://keepa.com/#!product/5-B07J27DF1C,
B0956WYQ1B,119500,50, https://keepa.com/#!product/5-B0956WYQ1B,
B003848UCU,121333,50, https://keepa.com/#!product/5-B003848UCU,
B07GSJ7QJ6,115652,50, https://keepa.com/#!product/5-B07GSJ7QJ6,
B00AA9M0LI,125700,50, https://keepa.com/#!product/5-B00AA9M0LI,
B003G20AAE,108296,50, https://keepa.com/#!product/5-B003G20AAE,
B08W1H4PCR,115000,50, https://keepa.com/#!product/5-B08W1H4PCR,
B000F6IMPE,159800,50, https://keepa.com/#!product/5-B000F6IMPE,
B01EKJ944Y,163450,50, https://keepa.com/#!product/5-B01EKJ944Y,
B00Y2ER9VS,154980,50, https://keepa.com/#!product/5-B00Y2ER9VS,
B07DFJYZ3H,0,50, https://keepa.com/#!product/5-B07DFJYZ3H,
B08HR5SXPS,159500,50, https://keepa.com/#!product/5-B08HR5SXPS,
B08C3B35VF,185000,50, https://keepa.com/#!product/5-B08C3B35VF,
B07MDGN8MP,183300,50, https://keepa.com/#!product/5-B07MDGN8MP,
B08HR7SV3M,161306,50, https://keepa.com/#!product/5-B08HR7SV3M,
B000VDCT3C,160970,50, https://keepa.com/#!product/5-B000VDCT3C,
B07J25G5JT,248000,50, https://keepa.com/#!product/5-B07J25G5JT,
B07X6TLZFH,99980,50, https://keepa.com/#!product/5-B07X6TLZFH,
B09MVW1VMX,313000,50, https://keepa.com/#!product/5-B09MVW1VMX,
B07F8X2WJN,398000,50, https://keepa.com/#!product/5-B07F8X2WJN,
B08V4SCZZN,138000,50, https://keepa.com/#!product/5-B08V4SCZZN,
B083ZL3X5B,378534,50, https://keepa.com/#!product/5-B083ZL3X5B,
B003HC8VB8,386060,50, https://keepa.com/#!product/5-B003HC8VB8,
B01LX0Z3E0,13800,50, https://keepa.com/#!product/5-B01LX0Z3E0,
B07CKKW7GD,0,50, https://keepa.com/#!product/5-B07CKKW7GD,
B08KXPPFKY,698800,50, https://keepa.com/#!product/5-B08KXPPFKY,
B00JY8CLX8,58800,50, https://keepa.com/#!product/5-B00JY8CLX8,
B014D6KP2E,39800,50, https://keepa.com/#!product/5-B014D6KP2E,
B00EXHGXG6,33807,50, https://keepa.com/#!product/5-B00EXHGXG6,
B00FJSNPNC,17198,50, https://keepa.com/#!product/5-B00FJSNPNC,
B01M7R5S2K,39500,50, https://keepa.com/#!product/5-B01M7R5S2K,
B00FGFEMTY,94800,50, https://keepa.com/#!product/5-B00FGFEMTY,
B01N683IAQ,25120,50, https://keepa.com/#!product/5-B01N683IAQ,
B000N6U06A,6300,50, https://keepa.com/#!product/5-B000N6U06A,
B09NDLNCJF,3480,50, https://keepa.com/#!product/5-B09NDLNCJF,
B07NVMWSK3,1467,50, https://keepa.com/#!product/5-B07NVMWSK3,
B002BRUGI6,7772,50, https://keepa.com/#!product/5-B002BRUGI6,
B00L9X1PNS,38273,50, https://keepa.com/#!product/5-B00L9X1PNS,
B005YXCOTI,6850,50, https://keepa.com/#!product/5-B005YXCOTI,
B081B8SMMJ,52000,50, https://keepa.com/#!product/5-B081B8SMMJ,
B01JZ8SK8Q,42000,50, https://keepa.com/#!product/5-B01JZ8SK8Q,
B014IKWFE6,0,50, https://keepa.com/#!product/5-B014IKWFE6,
B0756ZC288,56442,50, https://keepa.com/#!product/5-B0756ZC288,
B07W5GJDK7,29800,50, https://keepa.com/#!product/5-B07W5GJDK7,
B002UQFAQ6,24101,50, https://keepa.com/#!product/5-B002UQFAQ6,
B07GWXTL75,46000,50, https://keepa.com/#!product/5-B07GWXTL75,
B009SKVXRW,99065,50, https://keepa.com/#!product/5-B009SKVXRW,
B08XQFHMDV,0,0, https://keepa.com/#!product/5-B08XQFHMDV,
B0773DM25L,4400,50, https://keepa.com/#!product/5-B0773DM25L,
B018JLNZLM,8900,50, https://keepa.com/#!product/5-B018JLNZLM,
B00O3RU8G2,5000,50, https://keepa.com/#!product/5-B00O3RU8G2,
B07W34CN3V,6929,50, https://keepa.com/#!product/5-B07W34CN3V,
B0756Y3Y27,0,50, https://keepa.com/#!product/5-B0756Y3Y27,
B07RV9MW62,13980,50, https://keepa.com/#!product/5-B07RV9MW62,
B08LVNGHNH,13500,50, https://keepa.com/#!product/5-B08LVNGHNH,
B01508M1MG,24000,50, https://keepa.com/#!product/5-B01508M1MG,
B07VN6R3L3,44800,50, https://keepa.com/#!product/5-B07VN6R3L3,
B07GSRT4T5,14200,50, https://keepa.com/#!product/5-B07GSRT4T5,
B07HNPMRGQ,57578,50, https://keepa.com/#!product/5-B07HNPMRGQ,
B07NQ17DL1,23480,50, https://keepa.com/#!product/5-B07NQ17DL1,
B073WC3GXG,16600,50, https://keepa.com/#!product/5-B073WC3GXG,
B00U6SC91E,0,50, https://keepa.com/#!product/5-B00U6SC91E,
B01508CMQ6,19100,50, https://keepa.com/#!product/5-B01508CMQ6,
B07DM18LDL,16500,50, https://keepa.com/#!product/5-B07DM18LDL,
B005C7UVGE,13000,50, https://keepa.com/#!product/5-B005C7UVGE,
B07MNW4B1P,9480,50, https://keepa.com/#!product/5-B07MNW4B1P,
B07X6DNQH1,17000,50, https://keepa.com/#!product/5-B07X6DNQH1,
B00SYIFG22,6775,50, https://keepa.com/#!product/5-B00SYIFG22,
B075CF7M2C,0,50, https://keepa.com/#!product/5-B075CF7M2C,
B07GLQWH5P,7400,50, https://keepa.com/#!product/5-B07GLQWH5P,
B0146CEHRE,0,50, https://keepa.com/#!product/5-B0146CEHRE,
B07VRBK7L8,11950,50, https://keepa.com/#!product/5-B07VRBK7L8,
B01KO0IO8A,24800,50, https://keepa.com/#!product/5-B01KO0IO8A,
B06W5RPN44,24800,50, https://keepa.com/#!product/5-B06W5RPN44,
B001GIPFMS,0,50, https://keepa.com/#!product/5-B001GIPFMS,
B00BN09YVM,14300,50, https://keepa.com/#!product/5-B00BN09YVM,
B01M4LXYIL,25800,50, https://keepa.com/#!product/5-B01M4LXYIL,
B0146CEMOC,13120,50, https://keepa.com/#!product/5-B0146CEMOC,
B01CP7UJ74,25980,50, https://keepa.com/#!product/5-B01CP7UJ74,
B01JS85T8M,17200,50, https://keepa.com/#!product/5-B01JS85T8M,
B00W3OTCNW,15130,50, https://keepa.com/#!product/5-B00W3OTCNW,
B07BL449M4,38000,50, https://keepa.com/#!product/5-B07BL449M4,
B06XY1T6ND,8605,50, https://keepa.com/#!product/5-B06XY1T6ND,
B0758B1W72,14543,50, https://keepa.com/#!product/5-B0758B1W72,
B00SYDEKOW,20000,50, https://keepa.com/#!product/5-B00SYDEKOW,
B001KODSSQ,0,50, https://keepa.com/#!product/5-B001KODSSQ,
B001JA306G,31000,50, https://keepa.com/#!product/5-B001JA306G,
B001EK8ISG,38000,50, https://keepa.com/#!product/5-B001EK8ISG,
B0013LAKOQ,7722,50, https://keepa.com/#!product/5-B0013LAKOQ,
B01AUL0U8K,149800,50, https://keepa.com/#!product/5-B01AUL0U8K,
B00QF2J6XO,11980,50, https://keepa.com/#!product/5-B00QF2J6XO,
B07D7J7MRS,22422,50, https://keepa.com/#!product/5-B07D7J7MRS,
B004QW9Z7M,8890,50, https://keepa.com/#!product/5-B004QW9Z7M,
B0027X32QM,0,50, https://keepa.com/#!product/5-B0027X32QM,
B072MHFD1Q,11800,50, https://keepa.com/#!product/5-B072MHFD1Q,
B000FQVQPW,4100,50, https://keepa.com/#!product/5-B000FQVQPW,
B008YPXUDM,0,50, https://keepa.com/#!product/5-B008YPXUDM,
B003FLK7I6,0,50, https://keepa.com/#!product/5-B003FLK7I6,
B06XX2L9N9,59200,50, https://keepa.com/#!product/5-B06XX2L9N9,
B086R9M6TZ,109040,50, https://keepa.com/#!product/5-B086R9M6TZ,
B004VCDYZQ,1900,50, https://keepa.com/#!product/5-B004VCDYZQ,
B0751GHFHL,41340,50, https://keepa.com/#!product/5-B0751GHFHL,
B003EENV96,11300,50, https://keepa.com/#!product/5-B003EENV96,
B00CIMXN02,4400,50, https://keepa.com/#!product/5-B00CIMXN02,
B09BTVD3HG,0,50, https://keepa.com/#!product/5-B09BTVD3HG,
B01MZXG1W1,2780,50, https://keepa.com/#!product/5-B01MZXG1W1,
B015CF59E4,0,50, https://keepa.com/#!product/5-B015CF59E4,
B000C1VUL0,13127,50, https://keepa.com/#!product/5-B000C1VUL0,
B0009OAIIQ,9680,50, https://keepa.com/#!product/5-B0009OAIIQ,
B001TM6JBC,7860,50, https://keepa.com/#!product/5-B001TM6JBC,
B00MGE62WI,5900,50, https://keepa.com/#!product/5-B00MGE62WI,
B00XJI24YA,0,50, https://keepa.com/#!product/5-B00XJI24YA,
B013FYVNTY,7700,50, https://keepa.com/#!product/5-B013FYVNTY,
B002HMBS6O,18000,50, https://keepa.com/#!product/5-B002HMBS6O,
B000FQP11M,0,50, https://keepa.com/#!product/5-B000FQP11M,
B07YVN57X5,10800,50, https://keepa.com/#!product/5-B07YVN57X5,
B00OIKHE3Y,7821,50, https://keepa.com/#!product/5-B00OIKHE3Y,
B00CBAFLVK,2500,50, https://keepa.com/#!product/5-B00CBAFLVK,
B00ZCIGA0Y,11689,50, https://keepa.com/#!product/5-B00ZCIGA0Y,
B006ZWSII8,13800,50, https://keepa.com/#!product/5-B006ZWSII8,
B0042A0RK2,19500,50, https://keepa.com/#!product/5-B0042A0RK2,
B00B8PRZRC,14290,50, https://keepa.com/#!product/5-B00B8PRZRC,
B001TZ3ZN4,12000,50, https://keepa.com/#!product/5-B001TZ3ZN4,
B008U7SWXC,7299,50, https://keepa.com/#!product/5-B008U7SWXC,
B00OZDZOGS,13400,50, https://keepa.com/#!product/5-B00OZDZOGS,
B005WPCSUS,6358,50, https://keepa.com/#!product/5-B005WPCSUS,
B01LW0GC0R,10500,50, https://keepa.com/#!product/5-B01LW0GC0R,
B00S7Z8426,14430,50, https://keepa.com/#!product/5-B00S7Z8426,
B07D84TR7W,10791,50, https://keepa.com/#!product/5-B07D84TR7W,
B00384EZHE,23700,50, https://keepa.com/#!product/5-B00384EZHE,
B001TOGQ54,9999,50, https://keepa.com/#!product/5-B001TOGQ54,
B007T3CKZE,17500,50, https://keepa.com/#!product/5-B007T3CKZE,
B012E4F1GC,41380,50, https://keepa.com/#!product/5-B012E4F1GC,
B00S9BVMSG,9800,50, https://keepa.com/#!product/5-B00S9BVMSG,
B076QGH2WG,12355,50, https://keepa.com/#!product/5-B076QGH2WG,
B00D85JIC0,22000,50, https://keepa.com/#!product/5-B00D85JIC0,
B071NFZYRF,30800,50, https://keepa.com/#!product/5-B071NFZYRF,
B01CS5U4RI,0,50, https://keepa.com/#!product/5-B01CS5U4RI,
B002D17L74,18479,50, https://keepa.com/#!product/5-B002D17L74,
B09N2Z83RM,3980,50, https://keepa.com/#!product/5-B09N2Z83RM,
B0035EW7SQ,34980,50, https://keepa.com/#!product/5-B0035EW7SQ,
B0BBP529B3,4020,50, https://keepa.com/#!product/5-B0BBP529B3,
B07FP1X883,10899,50, https://keepa.com/#!product/5-B07FP1X883,
B08G4F7TZP,0,50, https://keepa.com/#!product/5-B08G4F7TZP,
B09M3B2TCZ,23780,50, https://keepa.com/#!product/5-B09M3B2TCZ,
B07FNTSHZF,8980,50, https://keepa.com/#!product/5-B07FNTSHZF,
B07JF7HS95,14980,50, https://keepa.com/#!product/5-B07JF7HS95,
B01LAF3U1E,15000,50, https://keepa.com/#!product/5-B01LAF3U1E,
B0191QG7KA,7500,50, https://keepa.com/#!product/5-B0191QG7KA,
B00KV3DADK,12200,50, https://keepa.com/#!product/5-B00KV3DADK,
B0002ERPHU,4978,50, https://keepa.com/#!product/5-B0002ERPHU,
B07B316CVV,39800,50, https://keepa.com/#!product/5-B07B316CVV,
B07H21VKSP,27800,50, https://keepa.com/#!product/5-B07H21VKSP,
B0009XVCHS,14800,50, https://keepa.com/#!product/5-B0009XVCHS,
B0032288HA,3980,50, https://keepa.com/#!product/5-B0032288HA,
B013W05PQI,34300,50, https://keepa.com/#!product/5-B013W05PQI,
B08MQ8F4K3,8500,50, https://keepa.com/#!product/5-B08MQ8F4K3,
B07VZQ3P3J,0,50, https://keepa.com/#!product/5-B07VZQ3P3J,
B07DFVC9F4,15980,50, https://keepa.com/#!product/5-B07DFVC9F4,
B08J8KR5BT,0,50, https://keepa.com/#!product/5-B08J8KR5BT,
B0BBFZCK46,14500,50, https://keepa.com/#!product/5-B0BBFZCK46,
B07FT6RZCP,4894,50, https://keepa.com/#!product/5-B07FT6RZCP,
B07DL16VJK,11980,50, https://keepa.com/#!product/5-B07DL16VJK,
B00RG92VJG,11800,50, https://keepa.com/#!product/5-B00RG92VJG,
B07W7TN6GW,11580,50, https://keepa.com/#!product/5-B07W7TN6GW,
B07WZS6RD6,17000,50, https://keepa.com/#!product/5-B07WZS6RD6,
B09RHXHFHQ,8600,50, https://keepa.com/#!product/5-B09RHXHFHQ,
B06WVBM8R9,22523,50, https://keepa.com/#!product/5-B06WVBM8R9,
B086QR9DPZ,9381,50, https://keepa.com/#!product/5-B086QR9DPZ,
B01HE72VNU,5500,50, https://keepa.com/#!product/5-B01HE72VNU,
B075T1RT38,12980,50, https://keepa.com/#!product/5-B075T1RT38,
B07YQNPV63,8980,50, https://keepa.com/#!product/5-B07YQNPV63,
B09H7QJ24X,9800,50, https://keepa.com/#!product/5-B09H7QJ24X,
B07KVJM42J,5980,50, https://keepa.com/#!product/5-B07KVJM42J,
B08WYL14GG,7480,50, https://keepa.com/#!product/5-B08WYL14GG,
B07Y38SMCR,8100,50, https://keepa.com/#!product/5-B07Y38SMCR,
B00H93PQKU,11223,50, https://keepa.com/#!product/5-B00H93PQKU,
B071LFR6JJ,10182,50, https://keepa.com/#!product/5-B071LFR6JJ,
B000BS01SW,7100,50, https://keepa.com/#!product/5-B000BS01SW,
B000AR2N4E,7490,50, https://keepa.com/#!product/5-B000AR2N4E,
B08P5GYN59,14500,50, https://keepa.com/#!product/5-B08P5GYN59,
B09KZFGFXV,9900,50, https://keepa.com/#!product/5-B09KZFGFXV,
B004TZ3MRK,5980,50, https://keepa.com/#!product/5-B004TZ3MRK,
B00J49IG54,16500,50, https://keepa.com/#!product/5-B00J49IG54,
B016ZYWG56,29207,50, https://keepa.com/#!product/5-B016ZYWG56,
B01LAGKSXG,6980,50, https://keepa.com/#!product/5-B01LAGKSXG,
B000TKDKXA,8980,50, https://keepa.com/#!product/5-B000TKDKXA,
B01DZSM0HY,10484,50, https://keepa.com/#!product/5-B01DZSM0HY,
B00DV6A2ZI,4172,50, https://keepa.com/#!product/5-B00DV6A2ZI,
B01KSJN91O,6880,50, https://keepa.com/#!product/5-B01KSJN91O,
B003I0RBJ2,19880,50, https://keepa.com/#!product/5-B003I0RBJ2,
B01DZM9X2U,13980,50, https://keepa.com/#!product/5-B01DZM9X2U,
B009O06X9E,19800,50, https://keepa.com/#!product/5-B009O06X9E,
B000BSB8G6,2252,50, https://keepa.com/#!product/5-B000BSB8G6,
B07VM5Z1R7,6600,50, https://keepa.com/#!product/5-B07VM5Z1R7,
B07S29GB2D,4000,50, https://keepa.com/#!product/5-B07S29GB2D,
B001LRE4NK,4800,50, https://keepa.com/#!product/5-B001LRE4NK,
B00RIHD08M,6600,50, https://keepa.com/#!product/5-B00RIHD08M,
B00YXJNOD4,5100,50, https://keepa.com/#!product/5-B00YXJNOD4,
B001FWXICE,6031,50, https://keepa.com/#!product/5-B001FWXICE,
B001TKO3WQ,6000,50, https://keepa.com/#!product/5-B001TKO3WQ,
B0833D3YLF,4600,50, https://keepa.com/#!product/5-B0833D3YLF,
